<keymap version="1" name="Eclipse shuoGG" parent="Eclipse">
  <action id="Console.TableResult.EditFilterCriteria" />
  <action id="HippieCompletion">
    <keyboard-shortcut first-keystroke="alt slash" />
    <keyboard-shortcut first-keystroke="shift space" />
  </action>
  <action id="ReformatCode">
    <keyboard-shortcut first-keystroke="ctrl alt l" />
    <keyboard-shortcut first-keystroke="shift ctrl alt f" />
  </action>
  <action id="Run">
    <keyboard-shortcut first-keystroke="shift alt x" />
    <keyboard-shortcut first-keystroke="shift f10" />
    <keyboard-shortcut first-keystroke="shift ctrl alt z" />
  </action>
  <action id="SwitchApply">
    <keyboard-shortcut first-keystroke="shift alt enter" />
  </action>
  <action id="SwitchDown">
    <keyboard-shortcut first-keystroke="shift alt down" />
  </action>
  <action id="SwitchLeft">
    <keyboard-shortcut first-keystroke="shift alt left" />
  </action>
  <action id="SwitchRight">
    <keyboard-shortcut first-keystroke="shift alt right" />
  </action>
  <action id="SwitchUp">
    <keyboard-shortcut first-keystroke="shift alt up" />
  </action>
</keymap>