<toolSet name="External Tools">
  <tool name="Redis3" showInMainMenu="true" showInEditor="true" showInProject="true" showInSearchPopup="true" disabled="false" useConsole="true" showConsoleOnStdOut="false" showConsoleOnStdErr="false" synchronizeAfterRun="true">
    <exec>
      <option name="COMMAND" value="D:\Redis-3.0 WindowsX64\redis-server.exe" />
      <option name="PARAMETERS" />
      <option name="WORKING_DIRECTORY" value="D:/Redis-3.0 WindowsX64" />
    </exec>
  </tool>
  <tool name="show asm" showInMainMenu="false" showInEditor="false" showInProject="false" showInSearchPopup="false" disabled="false" useConsole="true" showConsoleOnStdOut="false" showConsoleOnStdErr="false" synchronizeAfterRun="true">
    <exec>
      <option name="COMMAND" value="$GOROOT$\bin\go.exe" />
      <option name="PARAMETERS" value="tool compile -S $FilePath$" />
      <option name="WORKING_DIRECTORY" value="$FileDir$" />
    </exec>
  </tool>
</toolSet>