<keymap version="1" name="Eclipse copy" parent="Eclipse">
  <action id="Back">
    <keyboard-shortcut first-keystroke="alt left" />
    <mouse-shortcut keystroke="button4" />
    <keyboard-shortcut first-keystroke="alt z" />
  </action>
  <action id="CloseActiveTab" />
  <action id="CloseContent">
    <keyboard-shortcut first-keystroke="ctrl f4" />
    <keyboard-shortcut first-keystroke="ctrl w" />
  </action>
  <action id="CodeCompletion">
    <keyboard-shortcut first-keystroke="shift space" />
  </action>
  <action id="Console.TableResult.EditFilterCriteria" />
  <action id="Console.TableResult.MaximizeEditingCell" />
  <action id="Console.TableResult.SelectRow" />
  <action id="CopyAsDiagnosticTest" />
  <action id="CopyReference" />
  <action id="Find">
    <keyboard-shortcut first-keystroke="ctrl f" />
  </action>
  <action id="FindInPath">
    <keyboard-shortcut first-keystroke="shift ctrl f" />
  </action>
  <action id="FindNext">
    <keyboard-shortcut first-keystroke="ctrl k" />
    <keyboard-shortcut first-keystroke="ctrl back_quote" />
  </action>
  <action id="FindPrevious">
    <keyboard-shortcut first-keystroke="shift ctrl k" />
    <keyboard-shortcut first-keystroke="shift ctrl back_quote" />
  </action>
  <action id="Forward">
    <keyboard-shortcut first-keystroke="alt right" />
    <mouse-shortcut keystroke="button5" />
    <keyboard-shortcut first-keystroke="alt x" />
  </action>
  <action id="Git.Merge">
    <keyboard-shortcut first-keystroke="shift ctrl alt m" />
  </action>
  <action id="Go.NewGoFile">
    <keyboard-shortcut first-keystroke="shift ctrl alt c" />
  </action>
  <action id="GotoSuperMethod">
    <keyboard-shortcut first-keystroke="shift ctrl alt t" />
  </action>
  <action id="IntroduceFunctionalParameter" />
  <action id="NewClass">
    <keyboard-shortcut first-keystroke="shift ctrl alt c" />
  </action>
  <action id="NewDir">
    <keyboard-shortcut first-keystroke="shift ctrl alt p" />
  </action>
  <action id="QuickChangeScheme" />
  <action id="Refactorings.QuickListPopupAction" />
  <action id="ReformatCode">
    <keyboard-shortcut first-keystroke="ctrl alt l" />
    <keyboard-shortcut first-keystroke="shift ctrl alt f" />
  </action>
  <action id="Replace">
    <keyboard-shortcut first-keystroke="ctrl h" />
  </action>
  <action id="Run">
    <keyboard-shortcut first-keystroke="shift alt x" />
    <keyboard-shortcut first-keystroke="shift f10" />
    <keyboard-shortcut first-keystroke="shift ctrl alt z" />
  </action>
  <action id="RunAnything">
    <keyboard-shortcut first-keystroke="shift ctrl alt r" />
  </action>
  <action id="SwitchApply">
    <keyboard-shortcut first-keystroke="shift alt enter" />
  </action>
  <action id="SwitchDown">
    <keyboard-shortcut first-keystroke="shift alt down" />
  </action>
  <action id="SwitchLeft">
    <keyboard-shortcut first-keystroke="shift alt left" />
  </action>
  <action id="SwitchRight">
    <keyboard-shortcut first-keystroke="shift alt right" />
  </action>
  <action id="SwitchUp">
    <keyboard-shortcut first-keystroke="shift alt up" />
  </action>
</keymap>